<?xml version = '1.0' encoding = 'UTF-8'?>
<Faults>
   <Fault>
      <severity>warning</severity>
      <loc>/*[namespace-uri()='http://docs.oasis-open.org/wsbpel/2.0/process/executable'][local-name()='process']/*[namespace-uri()='http://docs.oasis-open.org/wsbpel/2.0/process/executable'][local-name()='sequence'][@name='main']/*[namespace-uri()='http://docs.oasis-open.org/wsbpel/2.0/process/executable'][local-name()='assign'][@name='AssignNXsdInput']/*[namespace-uri()='http://docs.oasis-open.org/wsbpel/2.0/process/executable'][local-name()='copy']</loc>
      <line>118</line>
      <col/>
      <file>BPEL/SaveFormDataProcess.bpel</file>
      <name>BPEL/SaveFormDataProcess.bpel</name>
      <fix>Types must be compatible.</fix>
      <msg>The from-spec of "ns2:CentralLab" is not compatible with to-spec of "ns3:CentralLab"</msg>
   </Fault>
   <Fault>
      <severity>warning</severity>
      <loc>/*[namespace-uri()='http://docs.oasis-open.org/wsbpel/2.0/process/executable'][local-name()='process']/*[namespace-uri()='http://docs.oasis-open.org/wsbpel/2.0/process/executable'][local-name()='sequence'][@name='main']/*[namespace-uri()='http://docs.oasis-open.org/wsbpel/2.0/process/executable'][local-name()='if'][@name='If_Complete_Form']/*[namespace-uri()='http://docs.oasis-open.org/wsbpel/2.0/process/executable'][local-name()='sequence'][@name='Sequence2']/*[namespace-uri()='http://docs.oasis-open.org/wsbpel/2.0/process/executable'][local-name()='assign'][@name='Assign_UpdateVendorForm']/*[namespace-uri()='http://docs.oasis-open.org/wsbpel/2.0/process/executable'][local-name()='copy'][3]/*[namespace-uri()='http://docs.oasis-open.org/wsbpel/2.0/process/executable'][local-name()='from']</loc>
      <line>191</line>
      <col/>
      <file>BPEL/SaveFormDataProcess.bpel</file>
      <name>BPEL/SaveFormDataProcess.bpel</name>
      <fix>Add a predicate to select an element from the sequence.</fix>
      <msg>The XPath segment "child::ns7:DBAdapter_VendorFormVersionOutput" selects a sequence of elements - a predicate MAY be needed to correctly select an element.</msg>
   </Fault>
   <Fault>
      <severity>warning</severity>
      <loc>/*[namespace-uri()='http://docs.oasis-open.org/wsbpel/2.0/process/executable'][local-name()='process']/*[namespace-uri()='http://docs.oasis-open.org/wsbpel/2.0/process/executable'][local-name()='sequence'][@name='main']/*[namespace-uri()='http://docs.oasis-open.org/wsbpel/2.0/process/executable'][local-name()='assign'][@name='AssignResponse']/*[namespace-uri()='http://docs.oasis-open.org/wsbpel/2.0/process/executable'][local-name()='copy'][1]/*[namespace-uri()='http://docs.oasis-open.org/wsbpel/2.0/process/executable'][local-name()='from']</loc>
      <line>258</line>
      <col/>
      <file>BPEL/SaveFormDataProcess.bpel</file>
      <name>BPEL/SaveFormDataProcess.bpel</name>
      <fix>Add a predicate to select an element from the sequence.</fix>
      <msg>The XPath segment "child::ns4:VendorFormDetails" selects a sequence of elements - a predicate MAY be needed to correctly select an element.</msg>
   </Fault>
   <Fault>
      <severity>warning</severity>
      <loc>/*[namespace-uri()='http://docs.oasis-open.org/wsbpel/2.0/process/executable'][local-name()='process']/*[namespace-uri()='http://docs.oasis-open.org/wsbpel/2.0/process/executable'][local-name()='sequence'][@name='main']/*[namespace-uri()='http://docs.oasis-open.org/wsbpel/2.0/process/executable'][local-name()='if'][@name='If1']/*[namespace-uri()='http://docs.oasis-open.org/wsbpel/2.0/process/executable'][local-name()='sequence'][@name='Sequence2']/*[namespace-uri()='http://docs.oasis-open.org/wsbpel/2.0/process/executable'][local-name()='if'][@name='If2']/*[namespace-uri()='http://docs.oasis-open.org/wsbpel/2.0/process/executable'][local-name()='if'][@name='If_Status']/*[namespace-uri()='http://docs.oasis-open.org/wsbpel/2.0/process/executable'][local-name()='sequence']/*[namespace-uri()='http://docs.oasis-open.org/wsbpel/2.0/process/executable'][local-name()='assign'][@name='AssignVendorFormInput']/*[namespace-uri()='http://docs.oasis-open.org/wsbpel/2.0/process/executable'][local-name()='copy'][1]/*[namespace-uri()='http://docs.oasis-open.org/wsbpel/2.0/process/executable'][local-name()='from']</loc>
      <line>169</line>
      <col/>
      <file>BPEL/CopyForm.bpel</file>
      <name>BPEL/CopyForm.bpel</name>
      <fix>Add a predicate to select an element from the sequence.</fix>
      <msg>The XPath segment "child::ns5:VendorForm" selects a sequence of elements - a predicate MAY be needed to correctly select an element.</msg>
   </Fault>
   <Fault>
      <severity>warning</severity>
      <loc>/*[namespace-uri()='http://docs.oasis-open.org/wsbpel/2.0/process/executable'][local-name()='process']/*[namespace-uri()='http://docs.oasis-open.org/wsbpel/2.0/process/executable'][local-name()='sequence'][@name='main']/*[namespace-uri()='http://docs.oasis-open.org/wsbpel/2.0/process/executable'][local-name()='if'][@name='If1']/*[namespace-uri()='http://docs.oasis-open.org/wsbpel/2.0/process/executable'][local-name()='sequence'][@name='Sequence2']/*[namespace-uri()='http://docs.oasis-open.org/wsbpel/2.0/process/executable'][local-name()='if'][@name='If2']/*[namespace-uri()='http://docs.oasis-open.org/wsbpel/2.0/process/executable'][local-name()='if'][@name='If_Status']/*[namespace-uri()='http://docs.oasis-open.org/wsbpel/2.0/process/executable'][local-name()='sequence']/*[namespace-uri()='http://docs.oasis-open.org/wsbpel/2.0/process/executable'][local-name()='assign'][@name='AssignVendorFormInput']/*[namespace-uri()='http://docs.oasis-open.org/wsbpel/2.0/process/executable'][local-name()='copy'][2]/*[namespace-uri()='http://docs.oasis-open.org/wsbpel/2.0/process/executable'][local-name()='from']</loc>
      <line>173</line>
      <col/>
      <file>BPEL/CopyForm.bpel</file>
      <name>BPEL/CopyForm.bpel</name>
      <fix>Add a predicate to select an element from the sequence.</fix>
      <msg>The XPath segment "child::ns5:VendorForm" selects a sequence of elements - a predicate MAY be needed to correctly select an element.</msg>
   </Fault>
   <Fault>
      <severity>warning</severity>
      <loc>/*[namespace-uri()='http://docs.oasis-open.org/wsbpel/2.0/process/executable'][local-name()='process']/*[namespace-uri()='http://docs.oasis-open.org/wsbpel/2.0/process/executable'][local-name()='sequence'][@name='main']/*[namespace-uri()='http://docs.oasis-open.org/wsbpel/2.0/process/executable'][local-name()='if'][@name='If1']/*[namespace-uri()='http://docs.oasis-open.org/wsbpel/2.0/process/executable'][local-name()='sequence'][@name='Sequence2']/*[namespace-uri()='http://docs.oasis-open.org/wsbpel/2.0/process/executable'][local-name()='if'][@name='If2']/*[namespace-uri()='http://docs.oasis-open.org/wsbpel/2.0/process/executable'][local-name()='if'][@name='If_Status']/*[namespace-uri()='http://docs.oasis-open.org/wsbpel/2.0/process/executable'][local-name()='sequence']/*[namespace-uri()='http://docs.oasis-open.org/wsbpel/2.0/process/executable'][local-name()='assign'][@name='AssignVendorFormInput']/*[namespace-uri()='http://docs.oasis-open.org/wsbpel/2.0/process/executable'][local-name()='copy'][3]/*[namespace-uri()='http://docs.oasis-open.org/wsbpel/2.0/process/executable'][local-name()='from']</loc>
      <line>177</line>
      <col/>
      <file>BPEL/CopyForm.bpel</file>
      <name>BPEL/CopyForm.bpel</name>
      <fix>Add a predicate to select an element from the sequence.</fix>
      <msg>The XPath segment "child::ns5:VendorForm" selects a sequence of elements - a predicate MAY be needed to correctly select an element.</msg>
   </Fault>
   <Fault>
      <severity>warning</severity>
      <loc>/*[namespace-uri()='http://docs.oasis-open.org/wsbpel/2.0/process/executable'][local-name()='process']/*[namespace-uri()='http://docs.oasis-open.org/wsbpel/2.0/process/executable'][local-name()='sequence'][@name='main']/*[namespace-uri()='http://docs.oasis-open.org/wsbpel/2.0/process/executable'][local-name()='if'][@name='If1']/*[namespace-uri()='http://docs.oasis-open.org/wsbpel/2.0/process/executable'][local-name()='sequence'][@name='Sequence2']/*[namespace-uri()='http://docs.oasis-open.org/wsbpel/2.0/process/executable'][local-name()='if'][@name='If2']/*[namespace-uri()='http://docs.oasis-open.org/wsbpel/2.0/process/executable'][local-name()='if'][@name='If_Status']/*[namespace-uri()='http://docs.oasis-open.org/wsbpel/2.0/process/executable'][local-name()='sequence']/*[namespace-uri()='http://docs.oasis-open.org/wsbpel/2.0/process/executable'][local-name()='assign'][@name='AssignVendorFormInput']/*[namespace-uri()='http://docs.oasis-open.org/wsbpel/2.0/process/executable'][local-name()='copy'][8]/*[namespace-uri()='http://docs.oasis-open.org/wsbpel/2.0/process/executable'][local-name()='from']</loc>
      <line>197</line>
      <col/>
      <file>BPEL/CopyForm.bpel</file>
      <name>BPEL/CopyForm.bpel</name>
      <fix>Add a predicate to select an element from the sequence.</fix>
      <msg>The XPath segment "child::ns5:VendorForm" selects a sequence of elements - a predicate MAY be needed to correctly select an element.</msg>
   </Fault>
   <Fault>
      <severity>warning</severity>
      <loc>/*[namespace-uri()='http://docs.oasis-open.org/wsbpel/2.0/process/executable'][local-name()='process']/*[namespace-uri()='http://docs.oasis-open.org/wsbpel/2.0/process/executable'][local-name()='sequence'][@name='main']/*[namespace-uri()='http://docs.oasis-open.org/wsbpel/2.0/process/executable'][local-name()='if'][@name='If1']/*[namespace-uri()='http://docs.oasis-open.org/wsbpel/2.0/process/executable'][local-name()='sequence'][@name='Sequence2']/*[namespace-uri()='http://docs.oasis-open.org/wsbpel/2.0/process/executable'][local-name()='if'][@name='If2']/*[namespace-uri()='http://docs.oasis-open.org/wsbpel/2.0/process/executable'][local-name()='if'][@name='If_Status']/*[namespace-uri()='http://docs.oasis-open.org/wsbpel/2.0/process/executable'][local-name()='sequence']/*[namespace-uri()='http://docs.oasis-open.org/wsbpel/2.0/process/executable'][local-name()='assign'][@name='Assign_VendorFormDetails']/*[namespace-uri()='http://docs.oasis-open.org/wsbpel/2.0/process/executable'][local-name()='copy'][1]/*[namespace-uri()='http://docs.oasis-open.org/wsbpel/2.0/process/executable'][local-name()='from']</loc>
      <line>223</line>
      <col/>
      <file>BPEL/CopyForm.bpel</file>
      <name>BPEL/CopyForm.bpel</name>
      <fix>Add a predicate to select an element from the sequence.</fix>
      <msg>The XPath segment "child::ns5:VendorForm" selects a sequence of elements - a predicate MAY be needed to correctly select an element.</msg>
   </Fault>
   <Fault>
      <severity>warning</severity>
      <loc>/*[namespace-uri()='http://docs.oasis-open.org/wsbpel/2.0/process/executable'][local-name()='process']/*[namespace-uri()='http://docs.oasis-open.org/wsbpel/2.0/process/executable'][local-name()='sequence'][@name='main']/*[namespace-uri()='http://docs.oasis-open.org/wsbpel/2.0/process/executable'][local-name()='if'][@name='If1']/*[namespace-uri()='http://docs.oasis-open.org/wsbpel/2.0/process/executable'][local-name()='sequence'][@name='Sequence2']/*[namespace-uri()='http://docs.oasis-open.org/wsbpel/2.0/process/executable'][local-name()='if'][@name='If2']/*[namespace-uri()='http://docs.oasis-open.org/wsbpel/2.0/process/executable'][local-name()='if'][@name='If_Status']/*[namespace-uri()='http://docs.oasis-open.org/wsbpel/2.0/process/executable'][local-name()='sequence']/*[namespace-uri()='http://docs.oasis-open.org/wsbpel/2.0/process/executable'][local-name()='assign'][@name='Assign_VendorFormDetails']/*[namespace-uri()='http://docs.oasis-open.org/wsbpel/2.0/process/executable'][local-name()='copy'][2]/*[namespace-uri()='http://docs.oasis-open.org/wsbpel/2.0/process/executable'][local-name()='from']</loc>
      <line>227</line>
      <col/>
      <file>BPEL/CopyForm.bpel</file>
      <name>BPEL/CopyForm.bpel</name>
      <fix>Add a predicate to select an element from the sequence.</fix>
      <msg>The XPath segment "child::ns7:VendorFormDetails" selects a sequence of elements - a predicate MAY be needed to correctly select an element.</msg>
   </Fault>
   <Fault>
      <severity>warning</severity>
      <loc>/*[namespace-uri()='http://docs.oasis-open.org/wsbpel/2.0/process/executable'][local-name()='process']/*[namespace-uri()='http://docs.oasis-open.org/wsbpel/2.0/process/executable'][local-name()='sequence'][@name='main']/*[namespace-uri()='http://docs.oasis-open.org/wsbpel/2.0/process/executable'][local-name()='if'][@name='If1']/*[namespace-uri()='http://docs.oasis-open.org/wsbpel/2.0/process/executable'][local-name()='sequence'][@name='Sequence2']/*[namespace-uri()='http://docs.oasis-open.org/wsbpel/2.0/process/executable'][local-name()='if'][@name='If2']/*[namespace-uri()='http://docs.oasis-open.org/wsbpel/2.0/process/executable'][local-name()='if'][@name='If_Status']/*[namespace-uri()='http://docs.oasis-open.org/wsbpel/2.0/process/executable'][local-name()='sequence']/*[namespace-uri()='http://docs.oasis-open.org/wsbpel/2.0/process/executable'][local-name()='assign'][@name='Assign_Response']/*[namespace-uri()='http://docs.oasis-open.org/wsbpel/2.0/process/executable'][local-name()='copy'][2]/*[namespace-uri()='http://docs.oasis-open.org/wsbpel/2.0/process/executable'][local-name()='from']</loc>
      <line>257</line>
      <col/>
      <file>BPEL/CopyForm.bpel</file>
      <name>BPEL/CopyForm.bpel</name>
      <fix>Add a predicate to select an element from the sequence.</fix>
      <msg>The XPath segment "child::ns5:VendorForm" selects a sequence of elements - a predicate MAY be needed to correctly select an element.</msg>
   </Fault>
   <Fault>
      <severity>warning</severity>
      <loc>/*[namespace-uri()='http://docs.oasis-open.org/wsbpel/2.0/process/executable'][local-name()='process']/*[namespace-uri()='http://docs.oasis-open.org/wsbpel/2.0/process/executable'][local-name()='sequence'][@name='main']/*[namespace-uri()='http://docs.oasis-open.org/wsbpel/2.0/process/executable'][local-name()='if'][@name='If1']/*[namespace-uri()='http://docs.oasis-open.org/wsbpel/2.0/process/executable'][local-name()='sequence'][@name='Sequence2']/*[namespace-uri()='http://docs.oasis-open.org/wsbpel/2.0/process/executable'][local-name()='if'][@name='If2']/*[namespace-uri()='http://docs.oasis-open.org/wsbpel/2.0/process/executable'][local-name()='if'][@name='If_Status']/*[namespace-uri()='http://docs.oasis-open.org/wsbpel/2.0/process/executable'][local-name()='sequence']/*[namespace-uri()='http://docs.oasis-open.org/wsbpel/2.0/process/executable'][local-name()='assign'][@name='Assign_Response']/*[namespace-uri()='http://docs.oasis-open.org/wsbpel/2.0/process/executable'][local-name()='copy'][3]/*[namespace-uri()='http://docs.oasis-open.org/wsbpel/2.0/process/executable'][local-name()='from']</loc>
      <line>261</line>
      <col/>
      <file>BPEL/CopyForm.bpel</file>
      <name>BPEL/CopyForm.bpel</name>
      <fix>Add a predicate to select an element from the sequence.</fix>
      <msg>The XPath segment "child::ns7:VendorFormDetails" selects a sequence of elements - a predicate MAY be needed to correctly select an element.</msg>
   </Fault>
   <Fault>
      <severity>warning</severity>
      <loc>/*[namespace-uri()='http://docs.oasis-open.org/wsbpel/2.0/process/executable'][local-name()='process']/*[namespace-uri()='http://docs.oasis-open.org/wsbpel/2.0/process/executable'][local-name()='sequence'][@name='main']/*[namespace-uri()='http://docs.oasis-open.org/wsbpel/2.0/process/executable'][local-name()='assign'][@name='AssignSuccess']/*[namespace-uri()='http://docs.oasis-open.org/wsbpel/2.0/process/executable'][local-name()='copy']/*[namespace-uri()='http://docs.oasis-open.org/wsbpel/2.0/process/executable'][local-name()='from']</loc>
      <line>192</line>
      <col/>
      <file>BPEL/PostFormDataProcess.bpel</file>
      <name>BPEL/PostFormDataProcess.bpel</name>
      <fix>Add a predicate to select an element from the sequence.</fix>
      <msg>The XPath segment "child::ns4:VendorForm" selects a sequence of elements - a predicate MAY be needed to correctly select an element.</msg>
   </Fault>
</Faults>
