<?xml version="1.0" encoding="UTF-8"?>
<dgm:gDiagram xmlns:dgm="http://xmlns.oracle.com/sca/soadgm">
    <dgm:gService name="CreateFormRS">
        <dgm:body borderWidth="2" arcRad="20" X="21" Y="265" width="137" height="120">
            <dgm:borderColor r="153" g="153" b="153"/>
            <dgm:bgColor r="255" g="255" b="255"/>
        </dgm:body>
        <dgm:shadow arcRad="20" X="11" Y="258" width="156" height="134">
            <dgm:bgColor r="196" g="228" b="240"/>
        </dgm:shadow>
        <dgm:outputPort name="CreateFormRS" X="127" Y="0" diameter="20" imageURI="oracle/tip/tools/ide/fabric/resource/image/visuals_rd1/servicereference.png" interface="http://xmlns.oracle.com/VPOApplication/VendorFormService/CreateFormRS#wsdl.interface(CreateFormRS_ptt)"/>
        <dgm:nodeIcon URI="/oracle/tip/tools/ide/adapters/designtime/adapter/images/RestAdapterService20x20px.png" X="20" Y="4" width="20" height="20"/>
        <dgm:operations>
            <dgm:item>PostFormData</dgm:item>
            <dgm:item>SaveFormData</dgm:item>
            <dgm:item>DeleteForm</dgm:item>
            <dgm:item>CopyForm</dgm:item>
        </dgm:operations>
    </dgm:gService>
    <dgm:gReference name="DBAdapter_VendorForm">
        <dgm:body borderWidth="2" arcRad="20" X="776" Y="264" width="136" height="132">
            <dgm:borderColor r="153" g="153" b="153"/>
            <dgm:bgColor r="255" g="255" b="255"/>
        </dgm:body>
        <dgm:shadow arcRad="20" X="766" Y="257" width="156" height="146">
            <dgm:bgColor r="196" g="228" b="240"/>
        </dgm:shadow>
        <dgm:inputPort name="DBAdapter_VendorForm" X="-10" Y="0" diameter="20" imageURI="oracle/tip/tools/ide/fabric/resource/image/visuals_rd1/servicereference.png" interface="http://xmlns.oracle.com/pcbpel/adapter/db/VPOApplication/CountryRepositoryService/DBAdapter_VendorForm#wsdl.interface(DBAdapter_VendorForm_ptt)"/>
        <dgm:nodeIcon URI="/oracle/tip/tools/ide/adapters/designtime/adapter/images/db_adapter_20x20.png" X="27" Y="4" width="20" height="20"/>
        <dgm:operations>
            <dgm:item>merge</dgm:item>
            <dgm:item>insert</dgm:item>
            <dgm:item>update</dgm:item>
            <dgm:item>delete</dgm:item>
            <dgm:item>selectByPrimaryKey</dgm:item>
        </dgm:operations>
    </dgm:gReference>
    <dgm:gReference name="DBAdapter_VendorFormDetails">
        <dgm:body borderWidth="2" arcRad="20" X="776" Y="428" width="136" height="132">
            <dgm:borderColor r="153" g="153" b="153"/>
            <dgm:bgColor r="255" g="255" b="255"/>
        </dgm:body>
        <dgm:shadow arcRad="20" X="766" Y="421" width="156" height="146">
            <dgm:bgColor r="196" g="228" b="240"/>
        </dgm:shadow>
        <dgm:inputPort name="DBAdapter_VendorFormDetails" X="-10" Y="0" diameter="20" imageURI="oracle/tip/tools/ide/fabric/resource/image/visuals_rd1/servicereference.png" interface="http://xmlns.oracle.com/pcbpel/adapter/db/VPOApplication/VendorFormService/DBAdapter_VendorFormDetails#wsdl.interface(DBAdapter_VendorFormDetails_ptt)"/>
        <dgm:nodeIcon URI="/oracle/tip/tools/ide/adapters/designtime/adapter/images/db_adapter_20x20.png" X="27" Y="4" width="20" height="20"/>
        <dgm:operations>
            <dgm:item>merge</dgm:item>
            <dgm:item>insert</dgm:item>
            <dgm:item>delete</dgm:item>
            <dgm:item>DBAdapter_VendorFormDetailsSelect</dgm:item>
            <dgm:item>selectByPrimaryKey</dgm:item>
        </dgm:operations>
    </dgm:gReference>
    <dgm:gReference name="DBAdapter_SelectVendoForm">
        <dgm:body borderWidth="2" arcRad="20" X="776" Y="26" width="136" height="84">
            <dgm:borderColor r="153" g="153" b="153"/>
            <dgm:bgColor r="255" g="255" b="255"/>
        </dgm:body>
        <dgm:shadow arcRad="20" X="766" Y="19" width="156" height="98">
            <dgm:bgColor r="196" g="228" b="240"/>
        </dgm:shadow>
        <dgm:inputPort name="DBAdapter_SelectVendoForm" X="-10" Y="0" diameter="20" imageURI="oracle/tip/tools/ide/fabric/resource/image/visuals_rd1/servicereference.png" interface="http://xmlns.oracle.com/pcbpel/adapter/db/VPOApplication/VendorFormService/DBAdapter_SelectVendoForm#wsdl.interface(DBAdapter_SelectVendoForm_ptt)"/>
        <dgm:nodeIcon URI="/oracle/tip/tools/ide/adapters/designtime/adapter/images/db_adapter_20x20.png" X="27" Y="4" width="20" height="20"/>
        <dgm:operations>
            <dgm:item>DBAdapter_SelectVendoForm</dgm:item>
        </dgm:operations>
    </dgm:gReference>
    <dgm:gReference name="DBAdapter_VendorFormVersion">
        <dgm:body borderWidth="2" arcRad="20" X="776" Y="144" width="136" height="84">
            <dgm:borderColor r="153" g="153" b="153"/>
            <dgm:bgColor r="255" g="255" b="255"/>
        </dgm:body>
        <dgm:shadow arcRad="20" X="766" Y="137" width="156" height="98">
            <dgm:bgColor r="196" g="228" b="240"/>
        </dgm:shadow>
        <dgm:inputPort name="DBAdapter_VendorFormVersion" X="-10" Y="0" diameter="20" imageURI="oracle/tip/tools/ide/fabric/resource/image/visuals_rd1/servicereference.png" interface="http://xmlns.oracle.com/pcbpel/adapter/db/VPOApplication/VendorFormService/DBAdapter_VendorFormVersion#wsdl.interface(DBAdapter_VendorFormVersion_ptt)"/>
        <dgm:nodeIcon URI="/oracle/tip/tools/ide/adapters/designtime/adapter/images/db_adapter_20x20.png" X="27" Y="4" width="20" height="20"/>
        <dgm:operations>
            <dgm:item>DBAdapter_VendorFormVersion</dgm:item>
        </dgm:operations>
    </dgm:gReference>
    <dgm:gComponent name="PostFormDataProcess">
        <dgm:body borderWidth="2" arcRad="20" X="488" Y="89" width="130" height="86">
            <dgm:borderColor r="69" g="113" b="140"/>
            <dgm:lightBgColor r="166" g="208" b="230"/>
            <dgm:darkBgColor r="99" g="162" b="201"/>
        </dgm:body>
        <dgm:shadow arcRad="20" X="478" Y="82" width="150" height="102">
            <dgm:bgColor r="196" g="228" b="240"/>
        </dgm:shadow>
        <dgm:inputPort name="postformdata_client" X="-10" Y="15" diameter="20" imageURI="oracle/tip/tools/ide/fabric/resource/image/visuals_rd1/servicereference.png" interface="http://xmlns.oracle.com/VPOApplication/VendorFormService/PostFormDataProcess#wsdl.interface(PostFormDataProcess)"/>
        <dgm:outputPort name="DBAdapter_VendorForm" X="120" Y="15" diameter="20" imageURI="oracle/tip/tools/ide/fabric/resource/image/visuals_rd1/servicereference.png" interface="http://xmlns.oracle.com/pcbpel/adapter/db/VPOApplication/CountryRepositoryService/DBAdapter_VendorForm#wsdl.interface(DBAdapter_VendorForm_ptt)"/>
        <dgm:outputPort name="DBAdapter_SelectVendoForm" X="120" Y="40" diameter="20" imageURI="oracle/tip/tools/ide/fabric/resource/image/visuals_rd1/servicereference.png" interface="http://xmlns.oracle.com/pcbpel/adapter/db/VPOApplication/VendorFormService/DBAdapter_SelectVendoForm#wsdl.interface(DBAdapter_SelectVendoForm_ptt)"/>
        <dgm:nodeIcon URI="/oracle/tip/tools/ide/bpel/shared/plugins/resources/images/soa/process_20x20.png" X="10" Y="4" width="20" height="20"/>
    </dgm:gComponent>
    <dgm:gComponent name="VendorFormRouting">
        <dgm:body borderWidth="2" arcRad="20" X="274" Y="250" width="130" height="136">
            <dgm:borderColor r="128" g="92" b="148"/>
            <dgm:lightBgColor r="208" g="169" b="227"/>
            <dgm:darkBgColor r="183" g="132" b="212"/>
        </dgm:body>
        <dgm:shadow arcRad="20" X="264" Y="243" width="150" height="152">
            <dgm:bgColor r="196" g="228" b="240"/>
        </dgm:shadow>
        <dgm:inputPort name="VendorFormRouting" X="-10" Y="15" diameter="20" imageURI="oracle/tip/tools/ide/fabric/resource/image/visuals_rd1/servicereference.png" interface="http://xmlns.oracle.com/VPOApplication/VendorFormService/CreateFormRS#wsdl.interface(CreateFormRS_ptt)"/>
        <dgm:outputPort name="PostFormDataProcess.postformdata_client" X="120" Y="15" diameter="20" imageURI="oracle/tip/tools/ide/fabric/resource/image/visuals_rd1/servicereference.png" interface="http://xmlns.oracle.com/VPOApplication/VendorFormService/PostFormDataProcess#wsdl.interface(PostFormDataProcess)"/>
        <dgm:outputPort name="SaveFormData.saveformdata_client" X="120" Y="40" diameter="20" imageURI="oracle/tip/tools/ide/fabric/resource/image/visuals_rd1/servicereference.png" interface="http://xmlns.oracle.com/VPOApplication/VendorFormService/SaveFormData#wsdl.interface(SaveFormData)"/>
        <dgm:outputPort name="DeleteForm.deleteform_client" X="120" Y="65" diameter="20" imageURI="oracle/tip/tools/ide/fabric/resource/image/visuals_rd1/servicereference.png" interface="http://xmlns.oracle.com/VPOApplication/VendorFormService/DeleteForm#wsdl.interface(DeleteForm)"/>
        <dgm:outputPort name="CopyForm.copyform_client" X="120" Y="90" diameter="20" imageURI="oracle/tip/tools/ide/fabric/resource/image/visuals_rd1/servicereference.png" interface="http://xmlns.oracle.com/VPOApplication/VendorFormService/CopyForm#wsdl.interface(CopyForm)"/>
        <dgm:nodeIcon URI="/oracle/tip/tools/ide/mediator/resource/image/mediator_20x20.png" X="10" Y="4" width="20" height="20"/>
    </dgm:gComponent>
    <dgm:gComponent name="SaveFormData">
        <dgm:body borderWidth="2" arcRad="20" X="488" Y="209" width="130" height="111">
            <dgm:borderColor r="69" g="113" b="140"/>
            <dgm:lightBgColor r="166" g="208" b="230"/>
            <dgm:darkBgColor r="99" g="162" b="201"/>
        </dgm:body>
        <dgm:shadow arcRad="20" X="478" Y="202" width="150" height="127">
            <dgm:bgColor r="196" g="228" b="240"/>
        </dgm:shadow>
        <dgm:inputPort name="saveformdata_client" X="-10" Y="15" diameter="20" imageURI="oracle/tip/tools/ide/fabric/resource/image/visuals_rd1/servicereference.png" interface="http://xmlns.oracle.com/VPOApplication/VendorFormService/SaveFormData#wsdl.interface(SaveFormData)"/>
        <dgm:outputPort name="DBAdapter_VendorFormDetails" X="120" Y="15" diameter="20" imageURI="oracle/tip/tools/ide/fabric/resource/image/visuals_rd1/servicereference.png" interface="http://xmlns.oracle.com/pcbpel/adapter/db/VPOApplication/VendorFormService/DBAdapter_VendorFormDetails#wsdl.interface(DBAdapter_VendorFormDetails_ptt)"/>
        <dgm:outputPort name="DBAdapter_VendorForm" X="120" Y="40" diameter="20" imageURI="oracle/tip/tools/ide/fabric/resource/image/visuals_rd1/servicereference.png" interface="http://xmlns.oracle.com/pcbpel/adapter/db/VPOApplication/CountryRepositoryService/DBAdapter_VendorForm#wsdl.interface(DBAdapter_VendorForm_ptt)"/>
        <dgm:outputPort name="DBAdapter_VendorFormVersion" X="120" Y="65" diameter="20" imageURI="oracle/tip/tools/ide/fabric/resource/image/visuals_rd1/servicereference.png" interface="http://xmlns.oracle.com/pcbpel/adapter/db/VPOApplication/VendorFormService/DBAdapter_VendorFormVersion#wsdl.interface(DBAdapter_VendorFormVersion_ptt)"/>
        <dgm:nodeIcon URI="/oracle/tip/tools/ide/bpel/shared/plugins/resources/images/soa/process_20x20.png" X="10" Y="4" width="20" height="20"/>
    </dgm:gComponent>
    <dgm:gComponent name="DeleteForm">
        <dgm:body borderWidth="2" arcRad="20" X="488" Y="354" width="130" height="61">
            <dgm:borderColor r="69" g="113" b="140"/>
            <dgm:lightBgColor r="166" g="208" b="230"/>
            <dgm:darkBgColor r="99" g="162" b="201"/>
        </dgm:body>
        <dgm:shadow arcRad="20" X="478" Y="347" width="150" height="77">
            <dgm:bgColor r="196" g="228" b="240"/>
        </dgm:shadow>
        <dgm:inputPort name="deleteform_client" X="-10" Y="15" diameter="20" imageURI="oracle/tip/tools/ide/fabric/resource/image/visuals_rd1/servicereference.png" interface="http://xmlns.oracle.com/VPOApplication/VendorFormService/DeleteForm#wsdl.interface(DeleteForm)"/>
        <dgm:outputPort name="DBAdapter_VendorForm" X="120" Y="15" diameter="20" imageURI="oracle/tip/tools/ide/fabric/resource/image/visuals_rd1/servicereference.png" interface="http://xmlns.oracle.com/pcbpel/adapter/db/VPOApplication/CountryRepositoryService/DBAdapter_VendorForm#wsdl.interface(DBAdapter_VendorForm_ptt)"/>
        <dgm:nodeIcon URI="/oracle/tip/tools/ide/bpel/shared/plugins/resources/images/soa/process_20x20.png" X="10" Y="4" width="20" height="20"/>
    </dgm:gComponent>
    <dgm:gComponent name="CopyForm">
        <dgm:body borderWidth="2" arcRad="20" X="488" Y="449" width="130" height="86">
            <dgm:borderColor r="69" g="113" b="140"/>
            <dgm:lightBgColor r="166" g="208" b="230"/>
            <dgm:darkBgColor r="99" g="162" b="201"/>
        </dgm:body>
        <dgm:shadow arcRad="20" X="478" Y="442" width="150" height="102">
            <dgm:bgColor r="196" g="228" b="240"/>
        </dgm:shadow>
        <dgm:inputPort name="copyform_client" X="-10" Y="15" diameter="20" imageURI="oracle/tip/tools/ide/fabric/resource/image/visuals_rd1/servicereference.png" interface="http://xmlns.oracle.com/VPOApplication/VendorFormService/CopyForm#wsdl.interface(CopyForm)"/>
        <dgm:outputPort name="DBAdapter_VendorFormDetails" X="120" Y="15" diameter="20" imageURI="oracle/tip/tools/ide/fabric/resource/image/visuals_rd1/servicereference.png" interface="http://xmlns.oracle.com/pcbpel/adapter/db/VPOApplication/VendorFormService/DBAdapter_VendorFormDetails#wsdl.interface(DBAdapter_VendorFormDetails_ptt)"/>
        <dgm:outputPort name="DBAdapter_VendorForm" X="120" Y="40" diameter="20" imageURI="oracle/tip/tools/ide/fabric/resource/image/visuals_rd1/servicereference.png" interface="http://xmlns.oracle.com/pcbpel/adapter/db/VPOApplication/CountryRepositoryService/DBAdapter_VendorForm#wsdl.interface(DBAdapter_VendorForm_ptt)"/>
        <dgm:nodeIcon URI="/oracle/tip/tools/ide/bpel/shared/plugins/resources/images/soa/process_20x20.png" X="10" Y="4" width="20" height="20"/>
    </dgm:gComponent>
    <dgm:gWireLink source="CreateFormRS" target="VendorFormRouting/VendorFormRouting" width="2">
        <dgm:gSegment X1="168" Y1="275" X2="264" Y2="275"/>
        <dgm:baseColor r="153" g="153" b="153"/>
        <dgm:selectedColor r="49" g="106" b="196"/>
    </dgm:gWireLink>
    <dgm:gWireLink source="VendorFormRouting/PostFormDataProcess.postformdata_client" target="PostFormDataProcess/postformdata_client" width="2">
        <dgm:gSegment X1="414" Y1="275" X2="439" Y2="275"/>
        <dgm:gSegment X1="439" Y1="275" X2="439" Y2="114"/>
        <dgm:gSegment X1="439" Y1="114" X2="478" Y2="114"/>
        <dgm:baseColor r="153" g="153" b="153"/>
        <dgm:selectedColor r="49" g="106" b="196"/>
    </dgm:gWireLink>
    <dgm:gWireLink source="PostFormDataProcess/DBAdapter_VendorForm" target="DBAdapter_VendorForm" width="2">
        <dgm:gSegment X1="628" Y1="114" X2="742" Y2="114"/>
        <dgm:gSegment X1="742" Y1="114" X2="742" Y2="274"/>
        <dgm:gSegment X1="742" Y1="274" X2="766" Y2="274"/>
        <dgm:baseColor r="153" g="153" b="153"/>
        <dgm:selectedColor r="49" g="106" b="196"/>
    </dgm:gWireLink>
    <dgm:gWireLink source="PostFormDataProcess/DBAdapter_SelectVendoForm" target="DBAdapter_SelectVendoForm" width="2">
        <dgm:gSegment X1="628" Y1="139" X2="652" Y2="139"/>
        <dgm:gSegment X1="652" Y1="139" X2="652" Y2="36"/>
        <dgm:gSegment X1="652" Y1="36" X2="766" Y2="36"/>
        <dgm:baseColor r="153" g="153" b="153"/>
        <dgm:selectedColor r="49" g="106" b="196"/>
    </dgm:gWireLink>
    <dgm:gWireLink source="SaveFormData/DBAdapter_VendorFormDetails" target="DBAdapter_VendorFormDetails" width="2">
        <dgm:gSegment X1="628" Y1="234" X2="727" Y2="234"/>
        <dgm:gSegment X1="727" Y1="234" X2="727" Y2="438"/>
        <dgm:gSegment X1="727" Y1="438" X2="766" Y2="438"/>
        <dgm:baseColor r="153" g="153" b="153"/>
        <dgm:selectedColor r="49" g="106" b="196"/>
    </dgm:gWireLink>
    <dgm:gWireLink source="VendorFormRouting/SaveFormData.saveformdata_client" target="SaveFormData/saveformdata_client" width="2">
        <dgm:gSegment X1="414" Y1="300" X2="454" Y2="300"/>
        <dgm:gSegment X1="454" Y1="300" X2="454" Y2="234"/>
        <dgm:gSegment X1="454" Y1="234" X2="478" Y2="234"/>
        <dgm:baseColor r="153" g="153" b="153"/>
        <dgm:selectedColor r="49" g="106" b="196"/>
    </dgm:gWireLink>
    <dgm:gWireLink source="SaveFormData/DBAdapter_VendorForm" target="DBAdapter_VendorForm" width="2">
        <dgm:gSegment X1="628" Y1="259" X2="712" Y2="259"/>
        <dgm:gSegment X1="712" Y1="259" X2="712" Y2="274"/>
        <dgm:gSegment X1="712" Y1="274" X2="766" Y2="274"/>
        <dgm:baseColor r="153" g="153" b="153"/>
        <dgm:selectedColor r="49" g="106" b="196"/>
    </dgm:gWireLink>
    <dgm:gWireLink source="SaveFormData/DBAdapter_VendorFormVersion" target="DBAdapter_VendorFormVersion" width="2">
        <dgm:gSegment X1="628" Y1="284" X2="667" Y2="284"/>
        <dgm:gSegment X1="667" Y1="284" X2="667" Y2="154"/>
        <dgm:gSegment X1="667" Y1="154" X2="766" Y2="154"/>
        <dgm:baseColor r="153" g="153" b="153"/>
        <dgm:selectedColor r="49" g="106" b="196"/>
    </dgm:gWireLink>
    <dgm:gWireLink source="DeleteForm/DBAdapter_VendorForm" target="DBAdapter_VendorForm" width="2">
        <dgm:gSegment X1="628" Y1="379" X2="682" Y2="379"/>
        <dgm:gSegment X1="682" Y1="379" X2="682" Y2="274"/>
        <dgm:gSegment X1="682" Y1="274" X2="766" Y2="274"/>
        <dgm:baseColor r="153" g="153" b="153"/>
        <dgm:selectedColor r="49" g="106" b="196"/>
    </dgm:gWireLink>
    <dgm:gWireLink source="VendorFormRouting/DeleteForm.deleteform_client" target="DeleteForm/deleteform_client" width="2">
        <dgm:gSegment X1="414" Y1="325" X2="454" Y2="325"/>
        <dgm:gSegment X1="454" Y1="325" X2="454" Y2="379"/>
        <dgm:gSegment X1="454" Y1="379" X2="478" Y2="379"/>
        <dgm:baseColor r="153" g="153" b="153"/>
        <dgm:selectedColor r="49" g="106" b="196"/>
    </dgm:gWireLink>
    <dgm:gWireLink source="VendorFormRouting/CopyForm.copyform_client" target="CopyForm/copyform_client" width="2">
        <dgm:gSegment X1="414" Y1="350" X2="439" Y2="350"/>
        <dgm:gSegment X1="439" Y1="350" X2="439" Y2="474"/>
        <dgm:gSegment X1="439" Y1="474" X2="478" Y2="474"/>
        <dgm:baseColor r="153" g="153" b="153"/>
        <dgm:selectedColor r="49" g="106" b="196"/>
    </dgm:gWireLink>
    <dgm:gWireLink source="CopyForm/DBAdapter_VendorFormDetails" target="DBAdapter_VendorFormDetails" width="2">
        <dgm:gSegment X1="628" Y1="474" X2="652" Y2="474"/>
        <dgm:gSegment X1="652" Y1="474" X2="652" Y2="438"/>
        <dgm:gSegment X1="652" Y1="438" X2="766" Y2="438"/>
        <dgm:baseColor r="153" g="153" b="153"/>
        <dgm:selectedColor r="49" g="106" b="196"/>
    </dgm:gWireLink>
    <dgm:gWireLink source="CopyForm/DBAdapter_VendorForm" target="DBAdapter_VendorForm" width="2">
        <dgm:gSegment X1="628" Y1="499" X2="697" Y2="499"/>
        <dgm:gSegment X1="697" Y1="499" X2="697" Y2="274"/>
        <dgm:gSegment X1="697" Y1="274" X2="766" Y2="274"/>
        <dgm:baseColor r="153" g="153" b="153"/>
        <dgm:selectedColor r="49" g="106" b="196"/>
    </dgm:gWireLink>
</dgm:gDiagram>