<?xml version="1.0" encoding="UTF-8" ?>
<!-- Generated by Oracle SOA Modeler version 12.2.1.2.0.161003 at [10/16/18 3:14 PM]. -->
<composite name="VendorFormService"
           revision="1.0"
           label="2018-10-16_15-14-12_359"
           mode="active"
           state="on"
           xmlns="http://xmlns.oracle.com/sca/1.0"
           xmlns:xs="http://www.w3.org/2001/XMLSchema"
           xmlns:wsp="http://schemas.xmlsoap.org/ws/2004/09/policy"
           xmlns:orawsp="http://schemas.oracle.com/ws/2006/01/policy"
           xmlns:ui="http://xmlns.oracle.com/soa/designer/"
           xmlns:sca-ext="http://xmlns.oracle.com/sca/1.0-ext">
  <import namespace="http://xmlns.oracle.com/pcbpel/adapter/db/VPOApplication/CountryRepositoryService/DBAdapter_VendorForm"
          location="WSDLs/DBAdapter_VendorForm.wsdl" importType="wsdl"/>
  <import namespace="http://xmlns.oracle.com/pcbpel/adapter/db/VPOApplication/VendorFormService/DBAdapter_VendorFormDetails"
          location="WSDLs/DBAdapter_VendorFormDetails.wsdl" importType="wsdl"/>
  <import namespace="http://xmlns.oracle.com/VPOApplication/VendorFormService/CreateFormRS"
          location="WSDLs/CreateFormRS.wsdl" importType="wsdl"/>
  <import namespace="http://xmlns.oracle.com/VPOApplication/VendorFormService/PostFormDataProcess"
          location="WSDLs/PostFormDataProcess.wsdl" importType="wsdl"/>
  <import namespace="http://xmlns.oracle.com/pcbpel/adapter/db/VPOApplication/VendorFormService/DBAdapter_SelectVendoForm"
          location="WSDLs/DBAdapter_SelectVendoForm.wsdl" importType="wsdl"/>
  <import namespace="http://xmlns.oracle.com/VPOApplication/VendorFormService/SaveFormData"
          location="WSDLs/SaveFormData.wsdl" importType="wsdl"/>
  <import namespace="http://xmlns.oracle.com/pcbpel/adapter/db/VPOApplication/VendorFormService/DBAdapter_VendorFormVersion"
          location="WSDLs/DBAdapter_VendorFormVersion.wsdl" importType="wsdl"/>
  <import namespace="http://xmlns.oracle.com/VPOApplication/VendorFormService/DeleteForm"
          location="WSDLs/DeleteForm.wsdl" importType="wsdl"/>
  <import namespace="http://xmlns.oracle.com/VPOApplication/VendorFormService/CopyForm" location="WSDLs/CopyForm.wsdl"
          importType="wsdl"/>
  <service name="CreateFormRS" ui:wsdlLocation="WSDLs/CreateFormRS.wsdl">
    <interface.wsdl interface="http://xmlns.oracle.com/VPOApplication/VendorFormService/CreateFormRS#wsdl.interface(CreateFormRS_ptt)"/>
    <binding.rest config="WADLs/CreateFormRS.wadl">
      <property name="reorderJsonAsPerXmlSchema" type="xs:boolean" many="false" override="may">true</property>
    </binding.rest>
  </service>
  <property name="productVersion" type="xs:string" many="false">12.2.1.2.0.161003</property>
  <property name="compositeID" type="xs:string" many="false">3feb877c-332d-4cbf-9be4-3fd3cb476601</property>
  <component name="PostFormDataProcess" version="2.0">
    <implementation.bpel src="BPEL/PostFormDataProcess.bpel"/>
    <componentType>
      <service name="postformdata_client" ui:wsdlLocation="WSDLs/PostFormDataProcess.wsdl">
        <interface.wsdl interface="http://xmlns.oracle.com/VPOApplication/VendorFormService/PostFormDataProcess#wsdl.interface(PostFormDataProcess)"/>
      </service>
      <reference name="DBAdapter_VendorForm" ui:wsdlLocation="WSDLs/DBAdapter_VendorForm.wsdl">
        <interface.wsdl interface="http://xmlns.oracle.com/pcbpel/adapter/db/VPOApplication/CountryRepositoryService/DBAdapter_VendorForm#wsdl.interface(DBAdapter_VendorForm_ptt)"/>
      </reference>
      <reference name="DBAdapter_SelectVendoForm" ui:wsdlLocation="WSDLs/DBAdapter_SelectVendoForm.wsdl">
        <interface.wsdl interface="http://xmlns.oracle.com/pcbpel/adapter/db/VPOApplication/VendorFormService/DBAdapter_SelectVendoForm#wsdl.interface(DBAdapter_SelectVendoForm_ptt)"/>
      </reference>
    </componentType>
    <property name="bpel.config.transaction" type="xs:string" many="false">required</property>
  </component>
  <component name="VendorFormRouting">
    <implementation.mediator src="Mediators/VendorFormRouting.mplan"/>
    <componentType>
      <service name="VendorFormRouting" ui:wsdlLocation="WSDLs/CreateFormRS.wsdl">
        <interface.wsdl interface="http://xmlns.oracle.com/VPOApplication/VendorFormService/CreateFormRS#wsdl.interface(CreateFormRS_ptt)"/>
      </service>
      <reference name="PostFormDataProcess.postformdata_client" ui:wsdlLocation="WSDLs/PostFormDataProcess.wsdl">
        <interface.wsdl interface="http://xmlns.oracle.com/VPOApplication/VendorFormService/PostFormDataProcess#wsdl.interface(PostFormDataProcess)"/>
      </reference>
      <reference name="SaveFormData.saveformdata_client" ui:wsdlLocation="WSDLs/SaveFormData.wsdl">
        <interface.wsdl interface="http://xmlns.oracle.com/VPOApplication/VendorFormService/SaveFormData#wsdl.interface(SaveFormData)"/>
      </reference>
      <reference name="DeleteForm.deleteform_client" ui:wsdlLocation="WSDLs/DeleteForm.wsdl">
        <interface.wsdl interface="http://xmlns.oracle.com/VPOApplication/VendorFormService/DeleteForm#wsdl.interface(DeleteForm)"/>
      </reference>
      <reference name="CopyForm.copyform_client" ui:wsdlLocation="WSDLs/CopyForm.wsdl">
        <interface.wsdl interface="http://xmlns.oracle.com/VPOApplication/VendorFormService/CopyForm#wsdl.interface(CopyForm)"/>
      </reference>
    </componentType>
  </component>
  <component name="SaveFormData" version="2.0">
    <implementation.bpel src="BPEL/SaveFormDataProcess.bpel"/>
    <componentType>
      <service name="saveformdata_client" ui:wsdlLocation="WSDLs/SaveFormData.wsdl">
        <interface.wsdl interface="http://xmlns.oracle.com/VPOApplication/VendorFormService/SaveFormData#wsdl.interface(SaveFormData)"/>
      </service>
      <reference name="DBAdapter_VendorFormDetails" ui:wsdlLocation="WSDLs/DBAdapter_VendorFormDetails.wsdl">
        <interface.wsdl interface="http://xmlns.oracle.com/pcbpel/adapter/db/VPOApplication/VendorFormService/DBAdapter_VendorFormDetails#wsdl.interface(DBAdapter_VendorFormDetails_ptt)"/>
      </reference>
      <reference name="DBAdapter_VendorForm" ui:wsdlLocation="WSDLs/DBAdapter_VendorForm.wsdl">
        <interface.wsdl interface="http://xmlns.oracle.com/pcbpel/adapter/db/VPOApplication/CountryRepositoryService/DBAdapter_VendorForm#wsdl.interface(DBAdapter_VendorForm_ptt)"/>
      </reference>
      <reference name="DBAdapter_VendorFormVersion" ui:wsdlLocation="WSDLs/DBAdapter_VendorFormVersion.wsdl">
        <interface.wsdl interface="http://xmlns.oracle.com/pcbpel/adapter/db/VPOApplication/VendorFormService/DBAdapter_VendorFormVersion#wsdl.interface(DBAdapter_VendorFormVersion_ptt)"/>
      </reference>
    </componentType>
    <property name="bpel.config.transaction" type="xs:string" many="false">required</property>
  </component>
  <component name="DeleteForm" version="2.0">
    <implementation.bpel src="BPEL/DeleteForm.bpel"/>
    <componentType>
      <service name="deleteform_client" ui:wsdlLocation="WSDLs/DeleteForm.wsdl">
        <interface.wsdl interface="http://xmlns.oracle.com/VPOApplication/VendorFormService/DeleteForm#wsdl.interface(DeleteForm)"/>
      </service>
      <reference name="DBAdapter_VendorForm" ui:wsdlLocation="WSDLs/DBAdapter_VendorForm.wsdl">
        <interface.wsdl interface="http://xmlns.oracle.com/pcbpel/adapter/db/VPOApplication/CountryRepositoryService/DBAdapter_VendorForm#wsdl.interface(DBAdapter_VendorForm_ptt)"/>
      </reference>
    </componentType>
    <property name="bpel.config.transaction" type="xs:string" many="false">required</property>
  </component>
  <component name="CopyForm" version="2.0">
    <implementation.bpel src="BPEL/CopyForm.bpel"/>
    <componentType>
      <service name="copyform_client" ui:wsdlLocation="WSDLs/CopyForm.wsdl">
        <interface.wsdl interface="http://xmlns.oracle.com/VPOApplication/VendorFormService/CopyForm#wsdl.interface(CopyForm)"/>
      </service>
      <reference name="DBAdapter_VendorFormDetails" ui:wsdlLocation="WSDLs/DBAdapter_VendorFormDetails.wsdl">
        <interface.wsdl interface="http://xmlns.oracle.com/pcbpel/adapter/db/VPOApplication/VendorFormService/DBAdapter_VendorFormDetails#wsdl.interface(DBAdapter_VendorFormDetails_ptt)"/>
      </reference>
      <reference name="DBAdapter_VendorForm" ui:wsdlLocation="WSDLs/DBAdapter_VendorForm.wsdl">
        <interface.wsdl interface="http://xmlns.oracle.com/pcbpel/adapter/db/VPOApplication/CountryRepositoryService/DBAdapter_VendorForm#wsdl.interface(DBAdapter_VendorForm_ptt)"/>
      </reference>
    </componentType>
    <property name="bpel.config.transaction" type="xs:string" many="false">required</property>
  </component>
  <reference name="DBAdapter_VendorForm" ui:wsdlLocation="WSDLs/DBAdapter_VendorForm.wsdl">
    <interface.wsdl interface="http://xmlns.oracle.com/pcbpel/adapter/db/VPOApplication/CountryRepositoryService/DBAdapter_VendorForm#wsdl.interface(DBAdapter_VendorForm_ptt)"/>
    <binding.jca config="Adapters/DBAdapter_VendorForm_db.jca"/>
    <property name="jca.retry.count" type="xs:int" many="false" override="may">4</property>
    <property name="jca.retry.interval" type="xs:int" many="false" override="may">1</property>
    <property name="jca.retry.backoff" type="xs:int" many="false" override="may">2</property>
    <property name="jca.retry.maxInterval" type="xs:int" many="false" override="may">120</property>
  </reference>
  <reference name="DBAdapter_VendorFormDetails" ui:wsdlLocation="WSDLs/DBAdapter_VendorFormDetails.wsdl">
    <interface.wsdl interface="http://xmlns.oracle.com/pcbpel/adapter/db/VPOApplication/VendorFormService/DBAdapter_VendorFormDetails#wsdl.interface(DBAdapter_VendorFormDetails_ptt)"/>
    <binding.jca config="Adapters/DBAdapter_VendorFormDetails_db.jca"/>
    <property name="jca.retry.count" type="xs:int" many="false" override="may">4</property>
    <property name="jca.retry.interval" type="xs:int" many="false" override="may">1</property>
    <property name="jca.retry.backoff" type="xs:int" many="false" override="may">2</property>
    <property name="jca.retry.maxInterval" type="xs:int" many="false" override="may">120</property>
  </reference>
  <reference name="DBAdapter_SelectVendoForm" ui:wsdlLocation="WSDLs/DBAdapter_SelectVendoForm.wsdl">
    <interface.wsdl interface="http://xmlns.oracle.com/pcbpel/adapter/db/VPOApplication/VendorFormService/DBAdapter_SelectVendoForm#wsdl.interface(DBAdapter_SelectVendoForm_ptt)"/>
    <binding.jca config="Adapters/DBAdapter_SelectVendoForm_db.jca"/>
    <property name="jca.retry.count" type="xs:int" many="false" override="may">4</property>
    <property name="jca.retry.interval" type="xs:int" many="false" override="may">1</property>
    <property name="jca.retry.backoff" type="xs:int" many="false" override="may">2</property>
    <property name="jca.retry.maxInterval" type="xs:int" many="false" override="may">120</property>
  </reference>
  <reference name="DBAdapter_VendorFormVersion" ui:wsdlLocation="WSDLs/DBAdapter_VendorFormVersion.wsdl">
    <interface.wsdl interface="http://xmlns.oracle.com/pcbpel/adapter/db/VPOApplication/VendorFormService/DBAdapter_VendorFormVersion#wsdl.interface(DBAdapter_VendorFormVersion_ptt)"/>
    <binding.jca config="Adapters/DBAdapter_VendorFormVersion_db.jca"/>
    <property name="jca.retry.count" type="xs:int" many="false" override="may">4</property>
    <property name="jca.retry.interval" type="xs:int" many="false" override="may">1</property>
    <property name="jca.retry.backoff" type="xs:int" many="false" override="may">2</property>
    <property name="jca.retry.maxInterval" type="xs:int" many="false" override="may">120</property>
  </reference>
  <wire>
    <source.uri>CreateFormRS</source.uri>
    <target.uri>VendorFormRouting/VendorFormRouting</target.uri>
  </wire>
  <wire>
    <source.uri>VendorFormRouting/PostFormDataProcess.postformdata_client</source.uri>
    <target.uri>PostFormDataProcess/postformdata_client</target.uri>
  </wire>
  <wire>
    <source.uri>PostFormDataProcess/DBAdapter_VendorForm</source.uri>
    <target.uri>DBAdapter_VendorForm</target.uri>
  </wire>
  <wire>
    <source.uri>PostFormDataProcess/DBAdapter_SelectVendoForm</source.uri>
    <target.uri>DBAdapter_SelectVendoForm</target.uri>
  </wire>
  <wire>
    <source.uri>SaveFormData/DBAdapter_VendorFormDetails</source.uri>
    <target.uri>DBAdapter_VendorFormDetails</target.uri>
  </wire>
  <wire>
    <source.uri>VendorFormRouting/SaveFormData.saveformdata_client</source.uri>
    <target.uri>SaveFormData/saveformdata_client</target.uri>
  </wire>
  <wire>
    <source.uri>SaveFormData/DBAdapter_VendorForm</source.uri>
    <target.uri>DBAdapter_VendorForm</target.uri>
  </wire>
  <wire>
    <source.uri>SaveFormData/DBAdapter_VendorFormVersion</source.uri>
    <target.uri>DBAdapter_VendorFormVersion</target.uri>
  </wire>
  <wire>
    <source.uri>DeleteForm/DBAdapter_VendorForm</source.uri>
    <target.uri>DBAdapter_VendorForm</target.uri>
  </wire>
  <wire>
    <source.uri>VendorFormRouting/DeleteForm.deleteform_client</source.uri>
    <target.uri>DeleteForm/deleteform_client</target.uri>
  </wire>
  <wire>
    <source.uri>VendorFormRouting/CopyForm.copyform_client</source.uri>
    <target.uri>CopyForm/copyform_client</target.uri>
  </wire>
  <wire>
    <source.uri>CopyForm/DBAdapter_VendorFormDetails</source.uri>
    <target.uri>DBAdapter_VendorFormDetails</target.uri>
  </wire>
  <wire>
    <source.uri>CopyForm/DBAdapter_VendorForm</source.uri>
    <target.uri>DBAdapter_VendorForm</target.uri>
  </wire>
</composite>
