<?xml version="1.0" encoding="UTF-8"?>
<object-persistence xmlns="http://www.eclipse.org/eclipselink/xsds/persistence" xmlns:xsi="http://www.w3.org/2001/XMLSchema-instance" xmlns:xsd="http://www.w3.org/2001/XMLSchema" xmlns:eclipselink="http://www.eclipse.org/eclipselink/xsds/persistence" version="Eclipse Persistence Services - 2.6.4.v20160829-44060b6">
   <name>DBAdapter_VendorForm-OR</name>
   <class-mapping-descriptors>
      <class-mapping-descriptor xsi:type="object-relational-class-mapping-descriptor">
         <class>DBAdapter_VendorForm.VendorForm</class>
         <alias>VENDOR_FORM</alias>
         <primary-key>
            <field table="VENDOR_FORM" name="FORM_ID" xsi:type="column"/>
         </primary-key>
         <events/>
         <querying>
            <queries>
               <query name="DBAdapter_VendorFormSelect" xsi:type="read-all-query">
                  <reference-class>DBAdapter_VendorForm.VendorForm</reference-class>
                  <container xsi:type="list-container-policy">
                     <collection-type>java.util.Vector</collection-type>
                  </container>
               </query>
            </queries>
         </querying>
         <attribute-mappings>
            <attribute-mapping xsi:type="direct-mapping">
               <attribute-name>formId</attribute-name>
               <field table="VENDOR_FORM" name="FORM_ID" xsi:type="column"/>
               <attribute-classification>java.math.BigDecimal</attribute-classification>
            </attribute-mapping>
            <attribute-mapping xsi:type="direct-mapping">
               <attribute-name>formName</attribute-name>
               <field table="VENDOR_FORM" name="FORM_NAME" xsi:type="column"/>
               <attribute-classification>java.lang.String</attribute-classification>
            </attribute-mapping>
            <attribute-mapping xsi:type="direct-mapping">
               <attribute-name>vendorCategoryMappingId</attribute-name>
               <field table="VENDOR_FORM" name="VENDOR_CATEGORY_MAPPING_ID" xsi:type="column"/>
               <attribute-classification>java.math.BigDecimal</attribute-classification>
            </attribute-mapping>
            <attribute-mapping xsi:type="direct-mapping">
               <attribute-name>studySiteIdVpo</attribute-name>
               <field table="VENDOR_FORM" name="STUDY_SITE_ID_VPO" xsi:type="column"/>
               <attribute-classification>java.math.BigDecimal</attribute-classification>
            </attribute-mapping>
            <attribute-mapping xsi:type="direct-mapping">
               <attribute-name>personnelId</attribute-name>
               <field table="VENDOR_FORM" name="PERSONNEL_ID" xsi:type="column"/>
               <attribute-classification>java.lang.String</attribute-classification>
            </attribute-mapping>
            <attribute-mapping xsi:type="direct-mapping">
               <attribute-name>status</attribute-name>
               <field table="VENDOR_FORM" name="STATUS" xsi:type="column"/>
               <attribute-classification>java.lang.String</attribute-classification>
            </attribute-mapping>
            <attribute-mapping xsi:type="direct-mapping">
               <attribute-name>formVersion</attribute-name>
               <field table="VENDOR_FORM" name="FORM_VERSION" xsi:type="column"/>
               <attribute-classification>java.lang.String</attribute-classification>
            </attribute-mapping>
            <attribute-mapping xsi:type="direct-mapping">
               <attribute-name>parentFormId</attribute-name>
               <field table="VENDOR_FORM" name="PARENT_FORM_ID" xsi:type="column"/>
               <attribute-classification>java.math.BigDecimal</attribute-classification>
            </attribute-mapping>
            <attribute-mapping xsi:type="direct-mapping">
               <attribute-name>primaryInvestigatorId</attribute-name>
               <field table="VENDOR_FORM" name="PRIMARY_INVESTIGATOR_ID" xsi:type="column"/>
               <attribute-classification>java.lang.String</attribute-classification>
            </attribute-mapping>
            <attribute-mapping xsi:type="direct-mapping">
               <attribute-name>requestReceivedDate</attribute-name>
               <field table="VENDOR_FORM" name="REQUEST_RECEIVED_DATE" xsi:type="column"/>
               <attribute-classification>java.sql.Timestamp</attribute-classification>
            </attribute-mapping>
            <attribute-mapping xsi:type="direct-mapping">
               <attribute-name>submissionDueDate</attribute-name>
               <field table="VENDOR_FORM" name="SUBMISSION_DUE_DATE" xsi:type="column"/>
               <attribute-classification>java.sql.Timestamp</attribute-classification>
            </attribute-mapping>
            <attribute-mapping xsi:type="direct-mapping">
               <attribute-name>formFinalizedDate</attribute-name>
               <field table="VENDOR_FORM" name="FORM_FINALIZED_DATE" xsi:type="column"/>
               <attribute-classification>java.sql.Timestamp</attribute-classification>
            </attribute-mapping>
            <attribute-mapping xsi:type="direct-mapping">
               <attribute-name>createdDate</attribute-name>
               <field table="VENDOR_FORM" name="CREATED_DATE" xsi:type="column"/>
               <attribute-classification>java.sql.Timestamp</attribute-classification>
            </attribute-mapping>
            <attribute-mapping xsi:type="direct-mapping">
               <attribute-name>createdBy</attribute-name>
               <field table="VENDOR_FORM" name="CREATED_BY" xsi:type="column"/>
               <attribute-classification>java.lang.String</attribute-classification>
            </attribute-mapping>
            <attribute-mapping xsi:type="direct-mapping">
               <attribute-name>updatedDate</attribute-name>
               <field table="VENDOR_FORM" name="UPDATED_DATE" xsi:type="column"/>
               <attribute-classification>java.sql.Timestamp</attribute-classification>
            </attribute-mapping>
            <attribute-mapping xsi:type="direct-mapping">
               <attribute-name>updatedBy</attribute-name>
               <field table="VENDOR_FORM" name="UPDATED_BY" xsi:type="column"/>
               <attribute-classification>java.lang.String</attribute-classification>
            </attribute-mapping>
         </attribute-mappings>
         <descriptor-type>independent</descriptor-type>
         <sequencing>
            <sequence-name>VENDOR_FORM_SEQ</sequence-name>
            <sequence-field name="VENDOR_FORM.FORM_ID"/>
         </sequencing>
         <caching>
            <cache-type>weak-reference</cache-type>
            <cache-size>-1</cache-size>
            <always-refresh>true</always-refresh>
         </caching>
         <remote-caching>
            <cache-type>weak-reference</cache-type>
            <cache-size>-1</cache-size>
         </remote-caching>
         <instantiation/>
         <copying xsi:type="instantiation-copy-policy"/>
         <tables>
            <table name="VENDOR_FORM"/>
         </tables>
         <structure>structureName</structure>
      </class-mapping-descriptor>
   </class-mapping-descriptors>
   <login xsi:type="database-login">
      <platform-class>org.eclipse.persistence.platform.database.oracle.Oracle9Platform</platform-class>
      <connection-url></connection-url>
   </login>
</object-persistence>
