<?xml version = '1.0' encoding = 'UTF-8'?>
<!DOCTYPE properties SYSTEM "http://java.sun.com/dtd/properties.dtd">
<properties>
   <entry key="root_descriptor_alias">VENDOR_FORM</entry>
   <entry key="VENDOR_FORM.FORM_VERSION:db_column_size">10</entry>
   <entry key="VENDOR_FORM.VENDOR_CATEGORY_MAPPING_ID:db_column_type">NUMBER</entry>
   <entry key="VENDOR_FORM.STATUS:db_column_size">30</entry>
   <entry key="VENDOR_FORM.UPDATED_DATE:db_column_type">DATE</entry>
   <entry key="VENDOR_FORM.FORM_ID:db_column_scale">0</entry>
   <entry key="VENDOR_FORM.FORM_NAME:db_column_not_null">false</entry>
   <entry key="VENDOR_FORM:db_column_9">REQUEST_RECEIVED_DATE</entry>
   <entry key="VENDOR_FORM.FORM_NAME:db_column_size">100</entry>
   <entry key="VENDOR_FORM:db_column_8">PRIMARY_INVESTIGATOR_ID</entry>
   <entry key="VENDOR_FORM.PERSONNEL_ID:db_column_type">VARCHAR2</entry>
   <entry key="VENDOR_FORM.CREATED_DATE:db_column_not_null">false</entry>
   <entry key="VENDOR_FORM:db_column_7">PARENT_FORM_ID</entry>
   <entry key="VENDOR_FORM:db_column_6">FORM_VERSION</entry>
   <entry key="VENDOR_FORM.STUDY_SITE_ID_VPO:db_column_scale">0</entry>
   <entry key="VENDOR_FORM.SUBMISSION_DUE_DATE:db_column_not_null">false</entry>
   <entry key="VENDOR_FORM:db_column_5">STATUS</entry>
   <entry key="VENDOR_FORM:db_column_4">PERSONNEL_ID</entry>
   <entry key="VENDOR_FORM.FORM_ID:db_column_type">NUMBER</entry>
   <entry key="VENDOR_FORM:db_column_3">STUDY_SITE_ID_VPO</entry>
   <entry key="VENDOR_FORM.VENDOR_CATEGORY_MAPPING_ID:db_column_not_null">false</entry>
   <entry key="VENDOR_FORM:db_column_2">VENDOR_CATEGORY_MAPPING_ID</entry>
   <entry key="VENDOR_FORM:db_column_1">FORM_NAME</entry>
   <entry key="VENDOR_FORM:db_column_0">FORM_ID</entry>
   <entry key="VENDOR_FORM.CREATED_DATE:db_column_type">DATE</entry>
   <entry key="VENDOR_FORM.PARENT_FORM_ID:db_column_not_null">false</entry>
   <entry key="VENDOR_FORM.VENDOR_CATEGORY_MAPPING_ID:db_column_scale">0</entry>
   <entry key="VENDOR_FORM.PARENT_FORM_ID:db_column_scale">0</entry>
   <entry key="VENDOR_FORM.SUBMISSION_DUE_DATE:db_column_type">DATE</entry>
   <entry key="VENDOR_FORM.STUDY_SITE_ID_VPO:db_column_precision">38</entry>
   <entry key="VENDOR_FORM.PERSONNEL_ID:db_column_not_null">false</entry>
   <entry key="VENDOR_FORM.PERSONNEL_ID:db_column_size">50</entry>
   <entry key="VENDOR_FORM.FORM_FINALIZED_DATE:db_column_not_null">false</entry>
   <entry key="VENDOR_FORM.UPDATED_DATE:db_column_not_null">false</entry>
   <entry key="VENDOR_FORM.REQUEST_RECEIVED_DATE:db_column_type">DATE</entry>
   <entry key="VENDOR_FORM.VENDOR_CATEGORY_MAPPING_ID:db_column_precision">38</entry>
   <entry key="VENDOR_FORM.STUDY_SITE_ID_VPO:db_column_not_null">false</entry>
   <entry key="VENDOR_FORM.PRIMARY_INVESTIGATOR_ID:db_column_not_null">false</entry>
   <entry key="VENDOR_FORM.CREATED_BY:db_column_type">VARCHAR2</entry>
   <entry key="VENDOR_FORM.PARENT_FORM_ID:db_column_precision">38</entry>
   <entry key="VENDOR_FORM.STATUS:db_column_not_null">false</entry>
   <entry key="VENDOR_FORM.FORM_ID:db_column_not_null">true</entry>
   <entry key="VENDOR_FORM.PRIMARY_INVESTIGATOR_ID:db_column_type">VARCHAR2</entry>
   <entry key="VENDOR_FORM.UPDATED_BY:db_column_type">VARCHAR2</entry>
   <entry key="VENDOR_FORM.REQUEST_RECEIVED_DATE:db_column_not_null">false</entry>
   <entry key="return_single_result_set">false</entry>
   <entry key="VENDOR_FORM:db_table_type">TABLE</entry>
   <entry key="VENDOR_FORM:db_column_15">UPDATED_BY</entry>
   <entry key="VENDOR_FORM.CREATED_BY:db_column_size">50</entry>
   <entry key="VENDOR_FORM:db_column_14">UPDATED_DATE</entry>
   <entry key="VENDOR_FORM:db_column_13">CREATED_BY</entry>
   <entry key="VENDOR_FORM:db_column_12">CREATED_DATE</entry>
   <entry key="VENDOR_FORM:db_column_11">FORM_FINALIZED_DATE</entry>
   <entry key="VENDOR_FORM.CREATED_BY:db_column_not_null">false</entry>
   <entry key="VENDOR_FORM.PARENT_FORM_ID:db_column_type">NUMBER</entry>
   <entry key="VENDOR_FORM:db_column_10">SUBMISSION_DUE_DATE</entry>
   <entry key="VENDOR_FORM.PRIMARY_INVESTIGATOR_ID:db_column_size">50</entry>
   <entry key="VENDOR_FORM.UPDATED_BY:db_column_size">50</entry>
   <entry key="VENDOR_FORM.STUDY_SITE_ID_VPO:db_column_type">NUMBER</entry>
   <entry key="VENDOR_FORM.FORM_VERSION:db_column_type">VARCHAR2</entry>
   <entry key="VENDOR_FORM.STATUS:db_column_type">VARCHAR2</entry>
   <entry key="VENDOR_FORM.FORM_FINALIZED_DATE:db_column_type">DATE</entry>
   <entry key="VENDOR_FORM.FORM_VERSION:db_column_not_null">false</entry>
   <entry key="VENDOR_FORM.FORM_ID:db_column_precision">38</entry>
   <entry key="VENDOR_FORM.FORM_NAME:db_column_type">VARCHAR2</entry>
   <entry key="VENDOR_FORM.UPDATED_BY:db_column_not_null">false</entry>
</properties>