<?xml version = '1.0' encoding = 'UTF-8'?>
<!DOCTYPE properties SYSTEM "http://java.sun.com/dtd/properties.dtd">
<properties>
   <entry key="VENDOR_FORM_DETAILS.FORM_DETAILS_ID:db_column_type">NUMBER</entry>
   <entry key="VENDOR_FORM_DETAILS.CREATED_DATE:db_column_not_null">false</entry>
   <entry key="VENDOR_FORM_DETAILS.CREATED_DATE:db_column_type">DATE</entry>
   <entry key="VENDOR_FORM_DETAILS:db_table_type">TABLE</entry>
   <entry key="VENDOR_FORM_DETAILS.FORM_ID:db_column_scale">0</entry>
   <entry key="VENDOR_FORM_DETAILS.FORM_DETAILS_ID:db_column_not_null">true</entry>
   <entry key="VENDOR_FORM_DETAILS.FORM_DETAILS_ID:db_column_precision">38</entry>
   <entry key="VENDOR_FORM_DETAILS.UPDATED_DATE:db_column_not_null">false</entry>
   <entry key="VENDOR_FORM_DETAILS.CREATED_BY:db_column_not_null">false</entry>
   <entry key="VENDOR_FORM_DETAILS.UPDATED_BY:db_column_type">VARCHAR2</entry>
   <entry key="return_single_result_set">false</entry>
   <entry key="VENDOR_FORM_DETAILS.FORM_ID:db_column_not_null">false</entry>
   <entry key="VENDOR_FORM_DETAILS.CREATED_BY:db_column_type">VARCHAR2</entry>
   <entry key="VENDOR_FORM_DETAILS.FORM_DETAILS_ID:db_column_scale">0</entry>
   <entry key="VENDOR_FORM_DETAILS.UPDATED_BY:db_column_not_null">false</entry>
   <entry key="VENDOR_FORM_DETAILS.FORM_ID:db_column_precision">38</entry>
   <entry key="root_descriptor_alias">VENDOR_FORM_DETAILS</entry>
   <entry key="VENDOR_FORM_DETAILS.FORM_DETAILS:db_column_not_null">false</entry>
   <entry key="VENDOR_FORM_DETAILS.UPDATED_BY:db_column_size">50</entry>
   <entry key="VENDOR_FORM_DETAILS:db_column_6">UPDATED_BY</entry>
   <entry key="VENDOR_FORM_DETAILS:db_column_5">UPDATED_DATE</entry>
   <entry key="VENDOR_FORM_DETAILS:db_column_4">CREATED_BY</entry>
   <entry key="VENDOR_FORM_DETAILS:db_column_3">CREATED_DATE</entry>
   <entry key="VENDOR_FORM_DETAILS.UPDATED_DATE:db_column_type">DATE</entry>
   <entry key="VENDOR_FORM_DETAILS.FORM_DETAILS:db_column_type">CLOB</entry>
   <entry key="VENDOR_FORM_DETAILS:db_column_2">FORM_DETAILS</entry>
   <entry key="VENDOR_FORM_DETAILS:db_column_1">FORM_ID</entry>
   <entry key="VENDOR_FORM_DETAILS.FORM_ID:db_column_type">NUMBER</entry>
   <entry key="VENDOR_FORM_DETAILS:db_column_0">FORM_DETAILS_ID</entry>
   <entry key="VENDOR_FORM_DETAILS.CREATED_BY:db_column_size">50</entry>
</properties>