<?xml version="1.0" encoding="UTF-8"?>
<object-persistence xmlns="http://www.eclipse.org/eclipselink/xsds/persistence" xmlns:xsi="http://www.w3.org/2001/XMLSchema-instance" xmlns:xsd="http://www.w3.org/2001/XMLSchema" xmlns:eclipselink="http://www.eclipse.org/eclipselink/xsds/persistence" version="Eclipse Persistence Services - 2.6.4.v20160829-44060b6">
   <name>DBAdapter_VendorFormDetails-OR</name>
   <class-mapping-descriptors>
      <class-mapping-descriptor xsi:type="object-relational-class-mapping-descriptor">
         <class>DBAdapter_VendorFormDetails.VendorFormDetails</class>
         <alias>VENDOR_FORM_DETAILS</alias>
         <primary-key>
            <field table="VENDOR_FORM_DETAILS" name="FORM_DETAILS_ID" xsi:type="column"/>
         </primary-key>
         <events/>
         <querying>
            <queries>
               <query name="DBAdapter_VendorFormDetailsSelect" xsi:type="read-all-query">
                  <arguments>
                     <argument name="formId">
                        <type>java.lang.String</type>
                     </argument>
                  </arguments>
                  <call xsi:type="sql-call">
                     <sql>SELECT FORM_DETAILS_ID FROM VENDOR_FORM_DETAILS WHERE (FORM_DETAILS_ID = #formId)</sql>
                  </call>
                  <reference-class>DBAdapter_VendorFormDetails.VendorFormDetails</reference-class>
                  <container xsi:type="list-container-policy">
                     <collection-type>java.util.Vector</collection-type>
                  </container>
               </query>
            </queries>
         </querying>
         <attribute-mappings>
            <attribute-mapping xsi:type="direct-mapping">
               <attribute-name>formDetailsId</attribute-name>
               <field table="VENDOR_FORM_DETAILS" name="FORM_DETAILS_ID" xsi:type="column"/>
               <attribute-classification>java.math.BigDecimal</attribute-classification>
            </attribute-mapping>
            <attribute-mapping xsi:type="direct-mapping">
               <attribute-name>formId</attribute-name>
               <field table="VENDOR_FORM_DETAILS" name="FORM_ID" xsi:type="column"/>
               <attribute-classification>java.math.BigDecimal</attribute-classification>
            </attribute-mapping>
            <attribute-mapping xsi:type="direct-mapping">
               <attribute-name>formDetails</attribute-name>
               <field table="VENDOR_FORM_DETAILS" name="FORM_DETAILS" xsi:type="column"/>
               <attribute-classification>[C</attribute-classification>
            </attribute-mapping>
            <attribute-mapping xsi:type="direct-mapping">
               <attribute-name>createdDate</attribute-name>
               <field table="VENDOR_FORM_DETAILS" name="CREATED_DATE" xsi:type="column"/>
               <attribute-classification>java.sql.Timestamp</attribute-classification>
            </attribute-mapping>
            <attribute-mapping xsi:type="direct-mapping">
               <attribute-name>createdBy</attribute-name>
               <field table="VENDOR_FORM_DETAILS" name="CREATED_BY" xsi:type="column"/>
               <attribute-classification>java.lang.String</attribute-classification>
            </attribute-mapping>
            <attribute-mapping xsi:type="direct-mapping">
               <attribute-name>updatedDate</attribute-name>
               <field table="VENDOR_FORM_DETAILS" name="UPDATED_DATE" xsi:type="column"/>
               <attribute-classification>java.sql.Timestamp</attribute-classification>
            </attribute-mapping>
            <attribute-mapping xsi:type="direct-mapping">
               <attribute-name>updatedBy</attribute-name>
               <field table="VENDOR_FORM_DETAILS" name="UPDATED_BY" xsi:type="column"/>
               <attribute-classification>java.lang.String</attribute-classification>
            </attribute-mapping>
         </attribute-mappings>
         <descriptor-type>independent</descriptor-type>
         <sequencing>
            <sequence-name>VENDOR_FORM_DETAILS_SEQ</sequence-name>
            <sequence-field name="VENDOR_FORM_DETAILS.FORM_DETAILS_ID"/>
         </sequencing>
         <caching>
            <cache-type>weak-reference</cache-type>
            <cache-size>-1</cache-size>
            <always-refresh>true</always-refresh>
         </caching>
         <remote-caching>
            <cache-type>weak-reference</cache-type>
            <cache-size>-1</cache-size>
         </remote-caching>
         <instantiation/>
         <copying xsi:type="instantiation-copy-policy"/>
         <tables>
            <table name="VENDOR_FORM_DETAILS"/>
         </tables>
         <structure>structureName</structure>
      </class-mapping-descriptor>
   </class-mapping-descriptors>
   <login xsi:type="database-login">
      <platform-class>org.eclipse.persistence.platform.database.oracle.Oracle9Platform</platform-class>
      <connection-url></connection-url>
   </login>
</object-persistence>
